{"count":1,"gauges":{"Basic.CumulativeReward":{"count":110,"max":0.87,"min":-1.21999907,"value":-0.01999998,"weightedAverage":-0.0115044219}},"self":126.76693759999999,"total":700.7404665,"children":{"AgentSendState":{"count":33915,"self":0.6972862,"total":1.0596744999999999,"children":{"CollectObservations":{"count":3768,"self":0.0259212,"total":0.0259212,"children":null},"AgentInfo.ToProto":{"count":3768,"self":0.1333866,"total":0.33646709999999996,"children":{"GenerateSensorData":{"count":3768,"self":0.2030805,"total":0.2030805,"children":null}}}}},"DecideAction":{"count":33915,"self":572.64087039999993,"total":572.64087339999992,"children":null},"AgentAct":{"count":33915,"self":0.2699909,"total":0.2709894,"children":{"AgentInfo.ToProto":{"count":110,"self":0,"total":0.0009985,"children":{"GenerateSensorData":{"count":110,"self":0.0009985,"total":0.0009985,"children":null}}}}}}}