{"count":1,"gauges":{"GridWorld.CumulativeReward":{"count":20,"max":0.97,"min":-1.92999935,"value":-1.92999935,"weightedAverage":-0.519018948}},"self":2.2262198,"total":24.1014111,"children":{"AgentSendState":{"count":765,"self":0.0098198,"total":11.583643,"children":{"CollectObservations":{"count":764,"self":0.0020212999999999997,"total":0.0020212999999999997,"children":null},"AgentInfo.ToProto":{"count":764,"self":0.0070101999999999994,"total":11.571801899999999,"children":{"GenerateSensorData":{"count":764,"self":0.0079353,"total":11.564791699999999,"children":{"RenderTexSensor.GetCompressedObservation":{"count":764,"self":11.556856,"total":11.5568564,"children":null}}}}}}},"DecideAction":{"count":765,"self":10.2519344,"total":10.251934,"children":null},"AgentAct":{"count":765,"self":0.0177687,"total":0.038617,"children":{"AgentInfo.ToProto":{"count":20,"self":0,"total":0.0208483,"children":{"GenerateSensorData":{"count":20,"self":0,"total":0.0208483,"children":{"RenderTexSensor.GetCompressedObservation":{"count":20,"self":0.0208483,"total":0.0208483,"children":null}}}}}}}}}